Person,Age,DateOfBirth,Sex,Sexuality
Raev Vidya       ,28,"November,21" ,Male  ,FemalePreference
Nickolas Warters ,29,"September,19",Male  ,MalePreference
Alfy Kingman     ,60,"November,14" ,Female,Bisexual
Patel Hiles      ,61,"May,7"       ,Male  ,FemalePreference
Charo Solis      ,22,"October,19"  ,Female,MalePreference
Rinaldo Spurgeon ,57,"March,25"    ,Male  ,FemalePreference
Marilee Willson  ,50,"October,8"   ,Female,MalePreference
Munmro Sinnott   ,23,"June,9"      ,Male  ,FemalePreference
Lilly Astley     ,78,"November,3"  ,Female,MalePreference
Emmalynn Bunkley ,81,"April,13"    ,Female,MalePreference
Margeaux Engledow,62,"January,15"  ,Female,MalePreference
Karisa Floor     ,77,"June,8"      ,Female,MalePreference
Reina Burlingham ,48,"January,4"   ,Female,Asexual
Silvie Strong    ,23,"July,8"      ,Female,MalePreference
Lyle Gawne       ,56,"February,28" ,Male  ,FemalePreference
Ardith Kingman   ,37,"April,21"    ,Female,MalePreference
Cyndia Norsworthy,59,"December,8"  ,Female,MalePreference
Morly Perry      ,74,"May,16"      ,Male  ,MalePreference
Ravi Dipple      ,66,"March,9"     ,Male  ,FemalePreference
Jack Collinson   ,64,"December,22" ,Male  ,FemalePreference
Davide Sutch     ,40,"December,18" ,Male  ,FemalePreference
Janus Cashman    ,73,"September,21",Male  ,FemalePreference
Brita Steverson  ,27,"January,23"  ,Female,MalePreference
Sabina Twite     ,77,"November,10" ,Female,MalePreference
Sydney Cahow     ,80,"March,9"     ,Male  ,FemalePreference
Harcourt Bursey  ,71,"October,19"  ,Male  ,MalePreference
Plato Huet       ,26,"December,9"  ,Male  ,FemalePreference
Kirby Harreld    ,55,"December,16" ,Female,Bisexual
Eddi Peed        ,72,"September,21",Female,MalePreference
Reece Durrance   ,25,"February,9"  ,Male  ,FemalePreference
Agace Pelly      ,69,"March,3"     ,Female,FemalePreference
Valida Obey      ,63,"March,5"     ,Female,MalePreference
Kevan Henn       ,57,"April,6"     ,Male  ,Bisexual
Berry Hannibal   ,46,"October,15"  ,Female,FemalePreference
Xymenes Pretty   ,49,"April,17"    ,Male  ,FemalePreference
Sisely Verrill   ,70,"May,26"      ,Female,Bisexual
Bubba Creacy     ,68,"January,21"  ,Male  ,FemalePreference
Kristos Saner    ,39,"May,24"      ,Male  ,FemalePreference
Katrinka Bishop  ,40,"April,10"    ,Female,MalePreference
Gardner Leason   ,55,"August,17"   ,Male  ,FemalePreference
Jemmie Holliday  ,60,"October,21"  ,Female,MalePreference
Vivyanne Harre   ,23,"October,9"   ,Female,Bisexual
Ingamar Lowell   ,39,"October,2"   ,Male  ,MalePreference
Renato Coulthard ,54,"April,5"     ,Male  ,FemalePreference
Ilka Pinnick     ,65,"July,4"      ,Female,Asexual
Chase Boxley     ,47,"November,28" ,Male  ,FemalePreference
Flemming Rawe    ,56,"September,4" ,Male  ,FemalePreference
Benedict Cator   ,74,"May,22"      ,Male  ,MalePreference
Maggy Riddel     ,51,"November,20" ,Female,MalePreference
Jaquith Gambrel  ,42,"November,4"  ,Female,MalePreference